vaga,empresa,area,data,cidade,estado,fonte,link
Analista De Dados Pleno - Barra Funda,Empresa confidencial,Informática| TI| Telecomunicações - Administrador de Banco de Dados,02/01,         São Paulo,SP,INFOJOBS,https://www.infojobs.com.br/vaga-de-analista-dados-pleno-barra-funda-em-sao-paulo__6694887.aspx
Analista De Testes De Software Qa Sênior,Empresa confidencial,Informática| TI| Telecomunicações - Programador / Desenvolvedor,Hoje ,         São Paulo,SP,INFOJOBS,https://www.infojobs.com.br/vaga-de-analista-testes-software-qa-senior-em-sao-paulo__6698861.aspx
Analista De Suporte Técnico,PROCFIT,Informática| TI| Telecomunicações - Suporte Técnico,Hoje ,            Santos,SP,INFOJOBS,https://www.infojobs.com.br/vaga-de-analista-suporte-tecnico-em-sao-paulo__6698735.aspx
Programador Pleno - Santo André,Empresa confidencial,Informática| TI| Telecomunicações - Programador / Desenvolvedor,Ontem,       Santo André,SP,INFOJOBS,https://www.infojobs.com.br/vaga-de-programador-pleno-santo-andre-em-sao-paulo__6698288.aspx
Programador - Pleno,TECSYSTEMS TECNOLOGIA E SISTEMAS LTDA,Informática| TI| Telecomunicações - Programador / Desenvolvedor,Ontem,         São Paulo,SP,INFOJOBS,https://www.infojobs.com.br/vaga-de-programador-pleno-em-sao-paulo__6588321.aspx
Analista De Sistemas Erp - Sistema Senior,PHANTOM CLOUD,Informática| TI| Telecomunicações - Análise de Sistema,Ontem,     Florianópolis,SC,INFOJOBS,https://www.infojobs.com.br/vaga-de-analista-sistemas-erp-sistema-senior-em-santa-catarina__6697815.aspx
Analista De Suporte Técnico - N,DALLA SOLUCOES,Informática| TI| Telecomunicações - Suporte Técnico,Ontem,         São Paulo,SP,INFOJOBS,https://www.infojobs.com.br/vaga-de-analista-suporte-tecnico-n-em-sao-paulo__6587696.aspx
Analista De Redes Ii,Pimenta e Associados,Informática| TI| Telecomunicações - TI,Ontem,    Belo Horizonte,MG,INFOJOBS,https://www.infojobs.com.br/vaga-de-analista-redes-ii-em-minas-gerais__6697630.aspx
Analista Iii - Redes,CSU CARDSYSTEM,Informática| TI| Telecomunicações - Administrador de Redes,Ontem,           Barueri,SP,INFOJOBS,https://www.infojobs.com.br/vaga-de-analista-iii-redes-em-sao-paulo__6697543.aspx
Engenheiro Eletricista - Temporária,PETINELLI,Engenharia - Engenharia Elétrica| Eletrônica| Eletrotécnica,Ontem,          Curitiba,PR,INFOJOBS,https://www.infojobs.com.br/vaga-de-engenheiro-eletricista-temporaria-em-parana__6587570.aspx
Analista De Admissões E Marketing - Inglês Fluente,Empresa confidencial,Marketing - Marketing,Ontem,ão Paulo,  SP-  Re,ad,INFOJOBS,https://www.infojobs.com.br/vaga-de-analista-admissoes-marketing-ingles-fluente-em-sao-paulo__6555542.aspx
Web Designer,Empresa confidencial,Informática| TI| Telecomunicações - Informática,05/01,         São Paulo,SP,INFOJOBS,https://www.infojobs.com.br/vaga-de-web-designer-em-sao-paulo__6671167.aspx
Engenheiro De Qualidade,3MPRESTTA,Engenharia - Engenharia Industrial| Produção,05/01,    Belo Horizonte,MG,INFOJOBS,https://www.infojobs.com.br/vaga-de-engenheiro-qualidade-em-minas-gerais__6670812.aspx
Analista Desenvolvedor Android Jr.,CONTROL INFORMATICA,Informática| TI| Telecomunicações - Programador / Desenvolvedor,05/01,         São Paulo,SP,INFOJOBS,https://www.infojobs.com.br/vaga-de-analista-desenvolvedor-android-jr-em-sao-paulo__6630086.aspx
Analista De Negócio,CLOUD TARGET,Informática| TI| Telecomunicações - TI,04/01,         São Paulo,SP,INFOJOBS,https://www.infojobs.com.br/vaga-de-analista-negocio-em-sao-paulo__6629423.aspx
Analista De Projetos,CLOUD TARGET,Informática| TI| Telecomunicações - TI,04/01,         São Paulo,SP,INFOJOBS,https://www.infojobs.com.br/vaga-de-analista-projetos-em-sao-paulo__6629410.aspx
Analista De Marketing - Jaguaré,LIFE RECURSOS HUMANOS,Marketing - Marketing,11/11,         São Paulo,SP,INFOJOBS,https://www.infojobs.com.br/vaga-de-analista-marketing-jaguare-em-sao-paulo__6635947.aspx
Projetista Mecânico,ESS,Engenharia - Engenharia Mecânica| Mecatrônica,04/01,o do Sul,  SP-  Re,ad,INFOJOBS,https://www.infojobs.com.br/vaga-de-projetista-mecanico-em-sao-paulo__6537821.aspx
Desenvolvedor(A) C - Junior,Market Media,Informática| TI| Telecomunicações - Programador / Desenvolvedor,04/01,          Campinas,SP,INFOJOBS,https://www.infojobs.com.br/vaga-de-desenvolvedor-c-junior-em-sao-paulo__6629157.aspx
Engenheiro Eletricista,SARBRAS,Engenharia - Engenharia Elétrica| Eletrônica| Eletrotécnica,04/01,         São Paulo,SP,INFOJOBS,https://www.infojobs.com.br/vaga-de-engenheiro-eletricista-em-sao-paulo__6669318.aspx
Engenheiro Eletricista,SARBRAS,Engenharia - Engenharia Elétrica| Eletrônica| Eletrotécnica,04/01,          Luziânia,GO,INFOJOBS,https://www.infojobs.com.br/vaga-de-engenheiro-eletricista-em-goias__6669321.aspx
Engenheiro Eletricista,SARBRAS,Engenharia - Engenharia Elétrica| Eletrônica| Eletrotécnica,04/01,         Barreiras,BA,INFOJOBS,https://www.infojobs.com.br/vaga-de-engenheiro-eletricista-em-bahia__6669319.aspx
Engenheiro Eletricista,SARBRAS,Engenharia - Engenharia Elétrica| Eletrônica| Eletrotécnica,04/01,        Cristalina,GO,INFOJOBS,https://www.infojobs.com.br/vaga-de-engenheiro-eletricista-em-goias__6669320.aspx
Analista De Conteúdo E Redes Sociais,GOBIGGER,Marketing - Marketing,04/01,         São Paulo,SP,INFOJOBS,https://www.infojobs.com.br/vaga-de-analista-conteudo-redes-sociais-em-sao-paulo__6628819.aspx
Analista Programador - Sênior,DINAMO NETWORKS,Informática| TI| Telecomunicações - Programador / Desenvolvedor,04/01,          Brasília,DF,INFOJOBS,https://www.infojobs.com.br/vaga-de-analista-programador-senior-em-distrito-federal__6668861.aspx
Analista De Marketing - Pleno,DINAMO NETWORKS,Marketing - Marketing,04/01,antana de Parnaíba,SP,INFOJOBS,https://www.infojobs.com.br/vaga-de-analista-marketing-pleno-em-sao-paulo__6668842.aspx
Engenheiro Civil - Recém Formado,Empresa confidencial,Engenharia - Engenharia Civil,04/01, Janeiro,  RJ-  Re,ad,INFOJOBS,https://www.infojobs.com.br/vaga-de-engenheiro-civil-recem-formado-em-rio-janeiro__6563018.aspx
Analista  De Tecnologia,BRBCARD,Informática| TI| Telecomunicações - Análise de Sistema,03/01,          Brasília,DF,INFOJOBS,https://www.infojobs.com.br/vaga-de-analista-tecnologia-em-distrito-federal__6627567.aspx
Analista De Suporte Sr,DI SANTINNI,Informática| TI| Telecomunicações - TI,03/01,    Rio de Janeiro,RJ,INFOJOBS,https://www.infojobs.com.br/vaga-de-analista-suporte-sr-em-rio-janeiro__6696279.aspx
Analista De Ti - Inicio Imediato,LIFE RECURSOS HUMANOS,Informática| TI| Telecomunicações - TI,03/01,         São Paulo,SP,INFOJOBS,https://www.infojobs.com.br/vaga-de-analista-ti-inicio-imediato-em-sao-paulo__6696186.aspx
Analista De Marketing Jr,MIDHAUS MARKETING DIGITAL,Marketing - Marketing,03/01,         São Paulo,SP,INFOJOBS,https://www.infojobs.com.br/vaga-de-analista-marketing-jr-em-sao-paulo__6696078.aspx
Analista Ti Sr - Multinacional Americana,LUANDRE SERVICOS TEMPORARIOS. (FLIM),Informática| TI| Telecomunicações - TI,03/01,ão Paulo,  SP-  Re,ad,INFOJOBS,https://www.infojobs.com.br/vaga-de-analista-ti-sr-multinacional-americana-em-sao-paulo__6558447.aspx
Engenheiro - Rs,CONSIGAZ,Engenharia - Engenharia Civil,06/11,            Canoas,RS,INFOJOBS,https://www.infojobs.com.br/vaga-de-engenheiro-rs-em-rio-grande-do-sul__6629767.aspx
Programador Junior,GLOBAL SYSTEM,Informática| TI| Telecomunicações - Análise de Sistema,03/01,         São Paulo,SP,INFOJOBS,https://www.infojobs.com.br/vaga-de-programador-junior-em-sao-paulo__6626728.aspx
Programador Vba,TECNUN TECNOLOGIA EM INFORMÁTICA,Informática| TI| Telecomunicações - Análise de Sistema,03/01,         São Paulo,SP,INFOJOBS,https://www.infojobs.com.br/vaga-de-programador-vba-em-sao-paulo__6695716.aspx
Analista De Sistemas Pleno - Barra Funda,VIA CSC TECNOLOGIA E PROCESSAMENTO DE DADOS,Informática| TI| Telecomunicações - Programador / Desenvolvedor,03/01,         São Paulo,SP,INFOJOBS,https://www.infojobs.com.br/vaga-de-analista-sistemas-pleno-barra-funda-em-sao-paulo__6695672.aspx
Ux/Ui,MJV Technology & Innovation,Informática| TI| Telecomunicações - Internet / Web Design,03/01,           Barueri,SP,INFOJOBS,https://www.infojobs.com.br/vaga-de-ux-ui-em-sao-paulo__6626465.aspx
Analista De Projetos - Poa - Inicio Imediato,AST FACILITIES,Engenharia - Engenharia Industrial| Produção,03/01,      Porto Alegre,RS,INFOJOBS,https://www.infojobs.com.br/vaga-de-analista-projetos-poa-inicio-imediato-em-rio-grande-do-sul__6695323.aspx
Analista De Bi - Trade Marketing,Empresa confidencial,Informática| TI| Telecomunicações - Análise de Sistema,02/01,         São Paulo,SP,INFOJOBS,https://www.infojobs.com.br/vaga-de-analista-bi-trade-marketing-em-sao-paulo__6695003.aspx
Analista De Marketing,SPACO QUALITY,Marketing - Marketing,02/01,         São Paulo,SP,INFOJOBS,https://www.infojobs.com.br/vaga-de-analista-marketing-em-sao-paulo__6665816.aspx
Analista De Dados Pleno - Barra Funda,Empresa confidencial,Informática| TI| Telecomunicações - Administrador de Banco de Dados,02/01,         São Paulo,SP,INFOJOBS,https://www.infojobs.com.br/vaga-de-analista-dados-pleno-barra-funda-em-sao-paulo__6694887.aspx
Analista De Trade Marketing - Temporário Com Chance De Efetivação - Capital E Interior/Sp,Empresa confidencial,Marketing - Marketing,02/01,         São Paulo,SP,INFOJOBS,https://www.infojobs.com.br/vaga-de-analista-trade-marketing-temporario-chance-em-sao-paulo__6694861.aspx
Analista De Marketing,NÃO+PELO BRASIL,Marketing - Marketing,02/01,         São Paulo,SP,INFOJOBS,https://www.infojobs.com.br/vaga-de-analista-marketing-em-sao-paulo__6694826.aspx
Analista De Marketing - Temporário Para Efetivação,LUANDRE SERVICOS TEMPORARIOS. (FLIM),Marketing - Marketing,02/01,ão Paulo,  SP-  Re,ad,INFOJOBS,https://www.infojobs.com.br/vaga-de-analista-marketing-temporario-efetivacao-em-sao-paulo__6575038.aspx
Analista De Infraestrutura E Backup - Df,CONNECTCOM TELEINFORMATICA,Informática| TI| Telecomunicações - Infraestrutura,02/01,          Brasília,DF,INFOJOBS,https://www.infojobs.com.br/vaga-de-analista-infraestrutura-backup-df-em-distrito-federal__6694686.aspx
Analista De Sistemas Pleno,VALORH,Informática| TI| Telecomunicações - TI,02/01,          Salvador,BA,INFOJOBS,https://www.infojobs.com.br/vaga-de-analista-sistemas-pleno-em-bahia__6665174.aspx
Infrastructure Analyst Pl - Cotia - Sp,Stefanini,Informática| TI| Telecomunicações - Infraestrutura,02/01,   Cotia,  SP-  Re,ad,INFOJOBS,https://www.infojobs.com.br/vaga-de-infrastructure-analyst-pl-cotia-sp-em-sao-paulo__6535518.aspx
Analista De Business Intelligence - Agencia De Trade Marketing,Empresa confidencial,Informática| TI| Telecomunicações - Análise de Sistema,02/01,         São Paulo,SP,INFOJOBS,https://www.infojobs.com.br/vaga-de-analista-business-intelligence-agencia-trade-marketing-em-sao-paulo__6694399.aspx
